test_loss,test_accuracy,test_f1,test_runtime,test_samples_per_second,test_steps_per_second
1.3862316608428955,0.6196838120685816,0.5894607031131343,66.0344,272.04,8.511
